('file-not-found', 'NN')
('fails', 'NNS')
('along', 'IN')
('demonstration', 'NN')
('name5', 'FW')
('encode_alpha', 'FW')
('types', 'NNS')
('iend', 'VBP')
('harness', 'NN')
('reserve', 'NN')
('mapping', 'VBG')
('extent', 'NN')
('dropped', 'VBD')
('areas', 'NNS')
('random', 'JJ')
('consumer', 'NN')
('taking', 'VBG')
('copies', 'NNS')
('assume', 'RB')
('subtracted', 'VBD')
('bogus', 'JJ')
('error_in_compose', 'JJ')
('digitization', 'NN')
('png_pass_colswidth', 'NN')
('beginning', 'VBG')
('vpagster', 'NN')
('lost', 'VBD')
('compiling', 'JJ')
('expectations', 'NNS')
('png_pass_row_shiftpass', 'VBP')
('restriction', 'NN')
('log2', 'NN')
('formatted', 'VBD')
('png_store_file', 'JJ')
('sigterm', 'NN')
('folded', 'VBD')
('exist', 'JJ')
('max-outmax-in', 'JJ')
('xrgbrgbxagga', 'NN')
('write_packswap', 'VBD')
('in-place', 'JJ')
('matching', 'VBG')
('libpng-1412', 'JJ')
('products', 'NNS')
('reentered', 'VBN')
('extra_bytes', 'NNS')
('png_read_strip_alpha_supported', 'VBD')
('ceil100000327672', 'JJ')
('systems', 'NNS')
('blue-scale', 'JJ')
('hex', 'JJ')
('rgb-8', 'JJ')
('customization', 'NN')
('hinc', 'NN')
('sharing', 'VBG')
('pointless', 'NN')
('detect', 'JJ')
('latter', 'JJ')
('channel--perhaps', 'JJ')
('horse', 'NN')
('declare', 'NN')
('examination', 'NN')
('end-of-file', 'JJ')
('self', 'NN')
('map', 'NN')
('elimination', 'NN')
('png_set_rgb_to_graypng_structp', 'NN')
('unpremultiply', 'JJ')
('white-ywhite-y', 'JJ')
('parallelize', 'NN')
('idat_end', 'NN')
('documented', 'VBD')
('png_read_transforms_supported', 'JJ')
('heights', 'NNS')
('contain', 'VBP')
('detection', 'NN')
('deinterlacing', 'VBG')
('canceling', 'VBG')
('cause', 'NN')
('flushes', 'NNS')
('led', 'VBD')
('destroy', 'JJ')
('read_png', 'JJ')
('g-16', 'JJ')
('preallocate', 'NN')
('logarithm', 'JJ')
('png_debug_malloc', 'NN')
('sufficient', 'JJ')
('corresponds', 'NNS')
('transforming', 'VBG')
('png_write_flush_after_iend_supported', 'JJ')
('report', 'NN')
('direction', 'NN')
('handlers', 'NNS')
('pre-multiplication', 'JJ')
('represents', 'VBZ')
('png_idat', 'JJ')
('null', 'JJ')
('possibilities', 'NNS')
('reduces', 'VBZ')
('breaks', 'NNS')
('out-of-memory', 'JJ')
('exported', 'VBD')
('dbl_max', 'NN')
('works', 'NNS')
('computations', 'NNS')
('conversions', 'NNS')
('drift', 'VBP')
('cross', 'JJ')
('program', 'NN')
('characteristics', 'NNS')
('caught', 'VBD')
('modifier', 'JJR')
('image_pixel_add_alpha', 'JJ')
('inflatereset2', 'NN')
('make_size_images', 'NNS')
('mis', 'VBP')
('simplified_write_stdio', 'NN')
('act', 'NN')
('configh', 'JJ')
('attempting', 'VBG')
('viewing', 'VBG')
('png_header_version_string', 'VBG')
('the_exception_context', 'JJ')
('storesave', 'NN')
('reinitializes', 'VBZ')
('inverse', 'JJ')
('share', 'NN')
('png_set_quantizepng_structp', 'JJ')
('shorter', 'JJR')
('store_free', 'JJ')
('stash', 'NN')
('saying', 'VBG')
('sorting', 'VBG')
('takes', 'VBZ')
('set_shift', 'NN')
('progressive_read', 'NN')
('cexcepth', 'NN')
('png_read_expand_supported', 'VBD')
('circular', 'JJ')
('review', 'NN')
('avoiding', 'VBG')
('upon', 'IN')
('approaches', 'NNS')
('app_fail', 'VBP')
('clearing', 'VBG')
('facilitate', 'NN')
('crashing', 'VBG')
('non-palette', 'JJ')
('specifies', 'NNS')
('iterate', 'VBP')
('worthy', 'JJ')
('lock-step', 'JJ')
('error_in_premultiply', 'NN')
('shiftsbit', 'NN')
('recover', 'NN')
('destabilizing', 'VBG')
('operate', 'NN')
('png_no_stdio', 'NN')
('holding', 'VBG')
('increasing', 'VBG')
('stray', 'JJ')
('tofrom', 'IN')
('e-mail', 'JJ')
('backwards', 'NNS')
('blue-y-green-y', 'JJ')
('rgb->gray', 'JJ')
('approximated', 'VBN')
('seed', 'NN')
('marked', 'VBN')
('non-benign', 'JJ')
('verified', 'JJ')
('balance', 'NN')
('poyntons', 'NNS')
('architecture', 'VBP')
('bad_combo_list', 'JJ')
('switch', 'NN')
('idats', 'NNS')
('recommended', 'VBD')
('subtracting', 'VBG')
('declared', 'JJ')
('setup', 'JJ')
('blue-x', 'JJ')
('reset', 'NN')
('>green', 'JJ')
('white-scale', 'JJ')
('bitsettest', 'JJS')
('libng-1510', 'JJ')
('png-fix-itxtc', 'JJ')
('issues', 'NNS')
('original_rows', 'VBZ')
('green-ygreen-scale', 'JJ')
('accuracy', 'NN')
('lines', 'NNS')
('zlib_ok', 'CD')
('80-bit', 'JJ')
('grab', 'NN')
('produces', 'NNS')
('validated', 'VBD')
('innocent', 'JJ')
('tail', 'NN')
('increased', 'VBD')
('match', 'NN')
('sets', 'NNS')
('read_background', 'VBP')
('suggests', 'VBZ')
('insert', 'JJ')
('inter-row', 'JJ')
('combine', 'NN')
('understands', 'VBZ')
('png_strip_alpha', 'JJ')
('double-gamma-correction', 'NN')
('codes', 'NNS')
('touchy', 'VBP')
('arises', 'NNS')
('info_iccp', 'VBP')
('continues', 'VBZ')
('indicating', 'VBG')
('png_col_in_interlace_passx', 'JJ')
('give', 'JJ')
('pre-transforms', 'NNS')
('contained', 'VBN')
('guidance', 'NN')
('dump', 'NN')
('desire', 'NN')
('b32768', 'NN')
('outrowc', 'NN')
('guest', 'JJS')
('zlib_control', 'NN')
('association', 'NN')
('fflush', 'VBD')
('color-space', 'JJ')
('spectra', 'JJ')
('png_ptr->transformations', 'NNS')
('correspond', 'NN')
('convenience', 'NN')
('pngapi', 'NN')
('creating', 'VBG')
('implemented', 'VBN')
('slip', 'NN')
('duplicated', 'VBN')
('z_finish', 'JJ')
('info->num_palette', 'JJ')
('slots', 'NNS')
('registered', 'VBD')
('quartets', 'NNS')
('experiences', 'NNS')
('thing', 'NN')
('critique', 'NN')
('row_info->bit_depth', 'JJ')
('gropes', 'NNS')
('colorfaq', 'VBP')
('wwwcolororg', 'NN')
('failed', 'VBD')
('safe-to-copy', 'NN')
('padded', 'JJ')
('initializations', 'NNS')
('digitizes', 'VBP')
('inability', 'NN')
('moves', 'NNS')
('stops', 'VBP')
('rules', 'NNS')
('z-rc', 'CD')
('png_handle_chunk_as_default', 'NN')
('assurance', 'NN')
('achannels', 'NNS')
('prevent', 'VBP')
('zlib_run', 'NN')
('png_warning_parameter_count', 'NN')
('log2dbl_maxlog2dbl_min', 'NN')
('unpg', 'JJ')
('harmless', 'NN')
('enquiry', 'JJ')
('packard', 'RB')
('out-of-buffer', 'VBP')
('management', 'NN')
('grey', 'NN')
('do_expand_16', 'NN')
('wextra', 'JJ')
('suffixed', 'VBD')
('consumed', 'VBN')
('blue-cblue-scale', 'JJ')
('mechanism', 'NN')
('cover', 'NN')
('garbage', 'NN')
('classed', 'VBD')
('looking', 'VBG')
('decrease', 'NN')
('possibility', 'NN')
('g8b', 'NN')
('digitize', 'VB')
('myfile', 'JJ')
('partial-alpha', 'JJ')
('summarize', 'NN')
('png_quantize', 'NN')
('gamma_shiftiv', 'NN')
('abc', 'IN')
('happening', 'VBG')
('limits', 'NNS')
('shipped', 'VBN')
('discovered', 'VBD')
('stress', 'JJ')
('gpc_error_to_colormap', 'NN')
('control_init', 'NN')
('afterwards', 'NNS')
('functionarg', 'VBP')
('differs', 'NNS')
('write_transforms', 'NNS')
('proceed', 'VBP')
('use-input-precision', 'JJ')
('while', 'IN')
('red-scale', 'JJ')
('starts', 'NNS')
('overlaying', 'VBG')
('hidden', 'JJ')
('32-bits', 'NNS')
('theory', 'NN')
('overflowing', 'VBG')
('represented', 'VBN')
('per', 'IN')
('origin', 'NN')
('pngh', 'NN')
('something', 'NN')
('limitserrors', 'NNS')
('negate', 'VBP')
('touch', 'JJ')
('png_ptr->trans_alphai', 'JJ')
('known', 'VBN')
('fixup', 'JJ')
('crc_finish', 'JJ')
('leap', 'NN')
('extensions', 'NNS')
('apply', 'VBP')
('truncates', 'NNS')
('predicted', 'VBN')
('spread', 'NN')
('composed', 'VBD')
('png_scale_16_to_8', 'JJ')
('removal', 'JJ')
('yuck', 'NN')
('provides', 'VBZ')
('memcmp', 'JJ')
('sgp', 'NN')
('room', 'NN')
('store_palette', 'NN')
('threshold', 'JJ')
('environment', 'NN')
('stdio', 'NN')
('initialization', 'NN')
('unpacks', 'NNS')
('custom', 'VBP')
('value5', 'JJ')
('search', 'NN')
('modify', 'VB')
('pre-106', 'JJ')
('write-errno', 'JJ')
('system', 'NN')
('-werrorstrict-overflow', 'JJ')
('blocks', 'NNS')
('total_length', 'VBP')
('png_read_expand_16_supported', 'JJ')
('chars', 'NNS')
('memory-specific', 'JJ')
('process_chunk', 'NN')
('representing', 'VBG')
('libpng-1243', 'JJ')
('floorv-vhivhi', 'JJ')
('archived', 'VBN')
('non', 'JJ')
('held', 'VBD')
('<httpwwwinforampnet~poynton>', 'RB')
('png_read_invert_alpha_supported', 'VBN')
('itu-r', 'JJ')
('wacky', 'JJ')
('overwritten', 'JJ')
('read_alpha_mode', 'NN')
('png_unexpected_zlib_return', 'NN')
('outmax', 'NN')
('dont', 'NN')
('rejected', 'VBD')
('prevents', 'NNS')
('inverts', 'NNS')
('png_filler_before', 'RB')
('zlib->extra_bytes', 'NNS')
('description', 'NN')
('doing', 'VBG')
('about', 'IN')
('top', 'JJ')
('speed-up', 'JJ')
('abort', 'NN')
('png_cmap_', 'NN')
('combo', 'NN')
('safer', 'VBP')
('aim', 'NN')
('observer', 'IN')
('fatal', 'JJ')
('gamma_display', 'NN')
('true-color', 'NN')
('dominate', 'NN')
('truncated', 'VBD')
('column', 'NN')
('provided', 'VBD')
('that', 'IN')
('based', 'VBN')
('gamma122', 'NN')
('whitespace', 'NN')
('ties', 'NNS')
('entered', 'VBD')
('indexes', 'NNS')
('cinfo', 'JJ')
('no_change', 'NN')
('cleared', 'VBD')
('ranges', 'NNS')
('wrapped', 'VBD')
('chunkpos', 'JJ')
('premultiplication', 'NN')
('someone', 'NN')
('instantiates', 'VBZ')
('do_16bit', 'RB')
('published', 'VBN')
('v095', 'NN')
('remove', 'VB')
('xor', 'NNP')
('store_progressive_read', 'JJ')
('intermediate', 'NN')
('colours', 'NNS')
('practice', 'NN')
('png_read_packswap_supported', 'VBD')
('non-composition', 'JJ')
('making', 'VBG')
('png_read_update_info->png_read_start_row', 'JJ')
('differ', 'NN')
('top-most', 'JJ')
('retrieve', 'JJ')
('8-bit', 'JJ')
('messy', 'NN')
('ordering', 'VBG')
('colour_type', 'JJ')
('mantissa', 'NN')
('_supported', 'VBD')
('moving', 'VBG')
('replicated', 'VBN')
('chunk_read', 'JJ')
('octal', 'JJ')
('narrower', 'JJR')
('libpng-127', 'JJ')
('registers', 'NNS')
('anything', 'NN')
('enforce', 'JJ')
('idat_pos', 'NN')
('safetys', 'NNS')
('copy', 'VBP')
('execute', 'JJ')
('png_set_backgroundpng_structp', 'JJ')
('bit-33', 'JJ')
('idat_list', 'NN')
('scaled', 'VBD')
('writiing', 'VBG')
('png_simplified_write_supported', 'VBN')
('messed', 'JJ')
('increments', 'NNS')
('expecting', 'VBG')
('chance', 'NN')
('attached', 'VBD')
('colorxcolor-y', 'JJ')
('syntax', 'NN')
('next_format', 'NN')
('processed', 'VBD')
('rgba-8', 'JJ')
('ansi-c90', 'JJ')
('charles', 'NNS')
('architectures', 'NNS')
('unlike', 'IN')
('algorithms', 'JJ')
('rgbxxx', 'NN')
('use_compile_time_masks', 'NNS')
('context', 'JJ')
('redgreenbluewhitexxy', 'NN')
('alpha_removed', 'VBD')
('standard_display', 'JJ')
('standard_displayfiller', 'NN')
('responsibility', 'NN')
('processing', 'NN')
('httpswwwsecurecodingcertorgconfluencedisplayc', 'NN')
('supported', 'VBD')
('bitspixel', 'JJ')
('read_gamma', 'JJ')
('blue-zblue-scale', 'JJ')
('instability', 'NN')
('messages', 'NNS')
('matters', 'NNS')
('enhancements', 'NNS')
('png_read_start_image', 'VBP')
('rowpass', 'NN')
('chunk_data_pos', 'NN')
('interpreting', 'VBG')
('contains', 'NNS')
('conforms', 'NNS')
('internationalized', 'VBD')
('original_ip', 'JJ')
('comparison', 'NN')
('searched', 'VBD')
('red-y', 'JJ')
('consistent', 'JJ')
('select', 'JJ')
('png_image_pixel_component_sizefmtheightrow_stride', 'IN')
('randers-pehrson', 'JJ')
('optimized', 'JJ')
('bottom', 'NN')
('isolate', 'NN')
('freeimage', 'NN')
('detail', 'NN')
('digitzed', 'VBN')
('decimal', 'JJ')
('png_mng_features_supported', 'JJ')
('relies', 'NNS')
('sanity', 'NN')
('mass', 'NN')
('copyright', 'NN')
('nyi', 'NN')
('file_bits', 'VBZ')
('release', 'NN')
('adjustment', 'NN')
('read_filler', 'NN')
('accommodated', 'VBD')
('testing', 'VBG')
('part', 'NN')
('members', 'NNS')
('quietuse', 'VBP')
('componentalpha65535', 'JJ')
('perform', 'NN')
('_shift', 'NNP')
('destruction', 'NN')
('expansion', 'NN')
('png_srgb_profile_checks', 'NNS')
('log2v255', 'VBP')
('incremented', 'VBN')
('converting', 'VBG')
('somehow', 'JJ')
('modifications', 'NNS')
('calling', 'VBG')
('constifies', 'NNS')
('write_interlacing', 'VBG')
('copied', 'JJ')
('whines', 'NNS')
('sig_bits0', 'VBP')
('shell', 'NN')
('png_image_buffer_size', 'VB')
('calculates', 'NNS')
('png_stdio_supported', 'VBN')
('png_structtime_buffer', 'VBP')
('white-c', 'JJ')
('symmetric', 'JJ')
('todo', 'NN')
('alpha_mode_supported', 'VBD')
('zstate', 'NN')
('write_bgr', 'NN')
('corruption', 'NN')
('scripts', 'NNS')
('compare', 'VBP')
('discourage', 'JJ')
('errorquit', 'NN')
('round', 'NN')
('matches', 'VBZ')
('conversion', 'NN')
('convert-to-srgb', 'NN')
('decompressed', 'VBD')
('iff', 'JJ')
('strip-alpha-channel', 'JJ')
('png_info_idat', 'NN')
('ideal', 'NN')
('read_16bit_supported', 'VBD')
('causing', 'VBG')
('overhead', 'JJ')
('gcc_strict_overflow', 'NN')
('fixes', 'NNS')
('integers', 'NNS')
('requirements', 'NNS')
('redgreenbluexxyz', 'VBP')
('trailing', 'VBG')
('ourselves', 'PRP')
('read_shift', 'JJ')
('gamma_shift><n1', 'NN')
('scale_16', 'NN')
('zeroes', 'VBZ')
('supplies', 'NNS')
('scales', 'NNS')
('strip_alpha', 'VBP')
('seen', 'VBN')
('zconfh', 'JJ')
('back-door', 'JJ')
('floorvlo-vhi', 'JJ')
('defaultz_ok', 'NN')
('instructed', 'VBD')
('z_default_strategy', 'NN')
('reverses', 'NNS')
('in_pixel', 'VBP')
('damage', 'NN')
('gets', 'VBZ')
('derived', 'VBN')
('ways', 'NNS')
('do_round', 'IN')
('getting', 'VBG')
('maxpc16', 'NN')
('fflushfclose', 'RB')
('reached', 'VBD')
('inflatereset', 'JJ')
('error_to_srgb_grayscale', 'JJ')
('slack', 'NN')
('image->file_name', 'JJ')
('fist', 'NN')
('repeat', 'NN')
('factoring', 'NN')
('recorded', 'VBN')
('reported', 'VBD')
('nonzero', 'JJ')
('formats', 'NNS')
('pcs', 'VBP')
('ups', 'JJ')
('profiledevice', 'NN')
('apps', 'NN')
('modes', 'NNS')
('illuminant', 'JJ')
('png_set_bgrpng_structrp', 'JJ')
('sub-sample', 'JJ')
('gzip', 'NN')
('seeds', 'NNS')
('devicelink', 'VBP')
('pass-height', 'JJ')
('leaves', 'NNS')
('pool', 'NN')
('invalidated', 'VBD')
('exceptions', 'NNS')
('defaulted', 'VBD')
('performance', 'NN')
('hexadecimal', 'JJ')
('0-25', 'JJ')
('pngstest', 'NN')
('without', 'IN')
('margin', 'JJ')
('6-12', 'JJ')
('assigned', 'VBN')
('per-chunk', 'JJ')
('pngprivh', 'NN')
('inaccurate', 'JJ')
('demand', 'NN')
('see', 'VBP')
('pixel-wise', 'JJ')
('bit_width', 'NN')
('chunk_length8chunk_length11', 'NN')
('summing', 'VBG')
('edited', 'VBN')
('delayed', 'JJ')
('simplification', 'NN')
('accommodate', 'NN')
('correspnding', 'NN')
('usage', 'JJ')
('png_warn_uninitialized_row', 'JJ')
('file-bits', 'NNS')
('red-scalegreen-scale', 'JJ')
('bomb', 'NN')
('pngc', 'NN')
('frame', 'NN')
('reuse', 'IN')
('pre-multiplying', 'JJ')
('positioning', 'NN')
('released', 'VBN')
('copying', 'VBG')
('intel', 'JJ')
('objects', 'NNS')
('named', 'VBN')
('addition', 'NN')
('device', 'NN')
('crashed', 'VBD')
('capability', 'NN')
('png_set_background_fixedpng_structp', 'NN')
('humans', 'NNS')
('sees', 'NNS')
('persist', 'VBP')
('compilers', 'NNS')
('newline', 'VBP')
('grr', 'JJ')
('posterity', 'NN')
('feed', 'NN')
('cbrow', 'VBP')
('read_bgr', 'NN')
('gained', 'VBN')
('claw', 'NN')
('fractions', 'NNS')
('floorvalue', 'VBP')
('png_modifier', 'JJR')
('linked-list', 'JJ')
('buffered', 'JJ')
('warnings', 'NNS')
('pngsuite', 'VBP')
('grp', 'JJ')
('boring', 'NN')
('intensityopaque', 'NN')
('transparency', 'NN')
('semantics', 'NNS')
('fifth', 'JJ')
('script', 'NN')
('reject', 'NN')
('z_buf_error', 'NN')
('mismatch', 'NN')
('sizes', 'VBZ')
('correction', 'NN')
('white_scale', 'JJ')
('back-pointer', 'NN')
('unsigned_max', 'JJ')
('bitmap', 'NN')
('constructed', 'VBD')
('store_mark', 'JJ')
('hanging', 'NN')
('oops', 'NNS')
('providing', 'VBG')
('moved', 'VBD')
('profile_error', 'JJ')
('originating', 'VBG')
('misplaced', 'JJ')
('blue-ywhite-scale', 'JJ')
('optimization', 'NN')
('boundaries', 'NNS')
('experiment', 'VBP')
('succeeded', 'VBN')
('protected', 'JJ')
('twos', 'NN')
('~x1', 'NNP')
('data_pos', 'NN')
('getset', 'NN')
('sequential_read', 'NN')
('zeroed', 'VBD')
('experimental', 'JJ')
('note', 'NN')
('chromaticadaptationtag', 'NN')
('idhr', 'NN')
('interpolate', 'NN')
('describes', 'VBZ')
('gray->rgb', 'JJ')
('pre-built', 'JJ')
('intermediates', 'NNS')
('inflateinit2', 'VBP')
('read_expand_16', 'JJ')
('advantage', 'NN')
('tend', 'VBP')
('inout', 'NN')
('_current', 'JJ')
('please', 'NN')
('minimize', 'VB')
('filelength', 'JJ')
('solve', 'NN')
('performs', 'NNS')
('rewrite', 'VBP')
('components', 'NNS')
('standardized', 'JJ')
('effect', 'NN')
('replaced', 'VBD')
('png-10', 'JJ')
('work-round', 'JJ')
('kind', 'NN')
('seems', 'VBZ')
('chunkidat', 'NN')
('initiated', 'VBN')
('world', 'NN')
('tends', 'VBZ')
('4-bit', 'JJ')
('been', 'VBN')
('ends', 'VBZ')
('alter', 'JJ')
('page', 'NN')
('inexact', 'NN')
('included', 'VBD')
('write_optimize_cmf', 'JJ')
('linearize', 'VB')
('right_shift', 'JJ')
('lots', 'NNS')
('rechunking', 'VBG')
('sbits', 'NNS')
('read_count', 'VBP')
('track', 'NN')
('amount', 'NN')
('body', 'NN')
('bt709-3', 'JJ')
('coverity', 'NN')
('arent', 'NN')
('log265535655345', 'NN')
('convention', 'NN')
('coeffcients', 'NNS')
('jcb', 'NN')
('decoded', 'VBD')
('vlo-vhi128', 'JJ')
('max-1', 'JJ')
('statistics', 'NNS')
('gpr', 'VBP')
('image_bytes', 'NNS')
('memcpy', 'VBP')
('reseed', 'JJ')
('interaction', 'NN')
('work-around', 'JJ')
('converse', 'NN')
('httpsgccgnuorgbugzillashow_bugcgiid66447', 'NN')
('store_storefile', 'NN')
('png_flag_mng_filter_64', 'NN')
('show', 'NN')
('isbitmax', 'JJ')
('>38149', 'JJ')
('loses', 'VBZ')
('giving', 'VBG')
('expand_16', 'JJ')
('print0', 'NN')
('flushed', 'VBD')
('color-x', 'JJ')
('sizeof', 'JJ')
('theyre', 'NN')
('backgroundpre-multiplication', 'NN')
('modifies', 'NNS')
('png_filter_optimizations', 'NNS')
('pngtest_timing', 'VBG')
('detected', 'VBD')
('png_libpng_ver_string', 'VBG')
('placed', 'VBN')
('super-class', 'NN')
('throughout', 'IN')
('benign', 'JJ')
('run', 'NN')
('out_palette', 'RB')
('executed', 'VBD')
('forms', 'NNS')
('png_fp_saw_dot', 'JJ')
('future', 'JJ')
('imagemagick', 'NN')
('displayblock', 'NN')
('aborting', 'VBG')
('end-points', 'NNS')
('transform_display', 'JJ')
('event', 'NN')
('tie', 'NN')
('callback', 'NN')
('absib', 'NN')
('funky', 'NN')
('gone', 'VBN')
('default_tests', 'VBZ')
('widths', 'NNS')
('awk', 'IN')
('image_width', 'JJ')
('gain', 'NN')
('depths', 'NNS')
('png_modification', 'NN')
('rewriting', 'VBG')
('allocating', 'VBG')
('studio', 'NN')
('unset', 'NN')
('instantiating', 'VBG')
('png_structgamma', 'JJ')
('allocation', 'NN')
('terminated', 'VBD')
('fillers', 'NNS')
('within', 'IN')
('>background', 'NNP')
('succeeds', 'VBZ')
('hill', 'JJ')
('harder', 'RBR')
('gray_to_rgb', 'NN')
('compliant', 'JJ')
('png_ptrunknown_chunk', 'NN')
('re-chunking', 'NN')
('selected', 'VBN')
('statement', 'NN')
('conform', 'NN')
('deletes', 'VBZ')
('discontinuity', 'NN')
('v090', 'NN')
('inquiry', 'NN')
('zlib_fatal', 'NN')
('requested', 'VBD')
('imposes', 'NNS')
('outputs', 'NNS')
('buffering', 'VBG')
('standard', 'JJ')
('samples', 'NNS')
('b^gamma', 'VBP')
('local_use', 'IN')
('png_pass_start_colpass', 'NN')
('stripunsafe', 'JJ')
('colormaps', 'NNS')
('alternative', 'JJ')
('buggy', 'JJ')
('request', 'NN')
('quoted', 'VBN')
('absolute', 'JJ')
('work', 'NN')
('through', 'IN')
('follow', 'JJ')
('rounding', 'VBG')
('exits', 'NNS')
('situation', 'NN')
('png_set_swappng_structrp', 'VBP')
('horowitz', 'JJ')
('green-c', 'JJ')
('distances', 'NNS')
('trojan', 'RB')
('setjmp_supported', 'VBD')
('png_pass_start_rowpass', 'NN')
('bckg', 'NN')
('circumvents', 'NNS')
('adobe', 'VBP')
('contriblibtestspngvalidc', 'JJ')
('red_sbit', 'NN')
('sync_stream', 'JJ')
('distinction', 'NN')
('endpoint', 'NN')
('decent', 'NN')
('encapsulates', 'VBZ')
('recognition', 'NN')
('ignores', 'NNS')
('article', 'NN')
('read_splt', 'VBP')
('allocators', 'NNS')
('discussion', 'VBP')
('absent', 'JJ')
('wild', 'JJ')
('frexp', 'NN')
('plte', 'NN')
('fills', 'NNS')
('interface', 'VBP')
('mathh', 'NN')
('violates', 'NNS')
('depthswap', 'VBP')
('triggers', 'NNS')
('arm', 'VBP')
('restore', 'NN')
('register', 'NN')
('tests', 'NNS')
('<option>{on|off}', 'VBP')
('transmission', 'NN')
('logged', 'VBD')
('low-bit', 'JJ')
('advance', 'NN')
('forbids', 'NNS')
('provoke', 'VBD')
('does', 'VBZ')
('test_exhaustive', 'JJ')
('namedcolor', 'NN')
('loaded', 'VBD')
('records', 'NNS')
('png_ptr->rgb_to_gray_blue_coeff', 'JJ')
('rule', 'NN')
('unpc', 'IN')
('pngrutilc', 'NN')
('check_gamma', 'NN')
('linearized', 'VBD')
('`_epi8`', 'JJ')
('porter-duff', 'JJ')
('re-use', 'NN')
('file-name', 'JJ')
('turn', 'NN')
('occur', 'JJ')
('applications', 'NNS')
('claimed', 'VBD')
('consume', 'JJ')
('positives', 'NNS')
('closest', 'VBP')
('adjacent', 'JJ')
('graphics', 'NNS')
('improving', 'VBG')
('green-x', 'JJ')
('write_main', 'JJ')
('red-cred-scale', 'JJ')
('non-interlacing', 'JJ')
('write_flush', 'NN')
('adjusts', 'NNS')
('say', 'VBP')
('re-allocs', 'JJ')
('libpng-160', 'JJ')
('via', 'IN')
('edit', 'NN')
('bcpl', 'NN')
('platforms', 'NNS')
('unique', 'JJ')
('triggering', 'VBG')
('-5e-5', 'JJ')
('terminators', 'NNS')
('destroy_read_struct', 'VBP')
('overridden', 'JJ')
('microsoft', 'NN')
('clobbered', 'VBD')
('buffers', 'NNS')
('winc', 'VBP')
('crc_one_byte', 'JJ')
('checksum', 'NN')
('16-bits', 'NNS')
('predictor', 'NN')
('log2value65535', 'NN')
('listed', 'VBN')
('alpha_mode', 'RB')
('syncing', 'VBG')
('pnglibconfh', 'JJ')
('pngrioc', 'JJ')
('libpng-1220', 'JJ')
('idat_listcount', 'NN')
('excess', 'JJ')
('type_name', 'NN')
('undoes', 'JJ')
('lot', 'NN')
('electronics', 'NNS')
('contribtoolsmakesrgbc', 'VBP')
('destination', 'NN')
('worrying', 'VBG')
('shortcut', 'NN')
('danger', 'NN')
('reduced', 'VBD')
('initializer', 'JJ')
('dot', 'NN')
('modifying', 'VBG')
('lose', 'JJ')
('plain', 'NN')
('png_info_chunk', 'NN')
('front', 'NN')
('inches', 'VBZ')
('set_user_limits', 'NNS')
('makes', 'VBZ')
('png_max_palette_length', 'JJ')
('chunk_end', 'JJ')
('heuristics', 'NNS')
('permit', 'VBP')
('software', 'NN')
('<16', 'NNP')
('reduce', 'VB')
('provide', 'NN')
('inc', 'NN')
('user_mem', 'JJ')
('combinations', 'NNS')
('enumerate', 'VBP')
('intensity', 'NN')
('png_{getset}_unknown_chunks', 'NNS')
('png_write_optimize_cmf_supported', 'VBD')
('green-xgreen-scale', 'JJ')
('png_16_to_8', 'NN')
('excluding', 'VBG')
('occurs', 'NNS')
('sbitsbit', 'JJ')
('subsequent', 'JJ')
('activate', 'NN')
('err_action', 'NN')
('deduce', 'NN')
('repeated', 'VBD')
('stop_invalid', 'JJ')
('png_write_flush_supported', 'JJ')
('datastreams', 'NNS')
('tables', 'NNS')
('zlibdeflate', 'VBP')
('gnu', 'NNS')
('repositioning', 'VBG')
('restored', 'VBD')
('time_rfc1123', 'JJ')
('dilger', 'NN')
('deleted', 'VBD')
('<chunk>', 'NNP')
('modified', 'VBD')
('adam7yx', 'JJ')
('case', 'NN')
('matched', 'VBD')
('assumptions', 'NNS')
('prefixsuffix', 'RB')
('nested', 'VBD')
('byte-by-byte', 'JJ')
('handling', 'NN')
('becomes', 'NNS')
('across', 'IN')
('started', 'VBN')
('factor', 'NN')
('deduces', 'NNS')
('eliminate', 'VBP')
('p-a', 'JJ')
('popcount', 'NN')
('optimizations', 'NNS')
('utf', 'VBP')
('chop', 'NN')
('png_read_alpha_mode_supported', 'VBN')
('deal', 'NN')
('modulo', 'NN')
('lab', 'NN')
('strings', 'NNS')
('uses', 'VBZ')
('d->error_return', 'JJ')
('chunk_write', 'NN')
('png_do_read_transforms', 'NNS')
('png_read_unknown_chunks_supported', 'VBN')
('july', 'RB')
('treated', 'JJ')
('libpngs', 'NNS')
('truncation', 'NN')
('alpha257', 'NN')
('releases', 'NNS')
('because', 'IN')
('z_ok', 'NN')
('check_for_invalid_index', 'NN')
('exclude', 'VBP')
('write_interlace', 'NN')
('adapted', 'VBN')
('code', 'NN')
('looks', 'VBZ')
('png_add_alpha', 'JJ')
('trust', 'NN')
('section', 'NN')
('meter', 'NN')
('backdoor', 'NN')
('png_do_strip_filler', 'NN')
('primary', 'JJ')
('-05', 'NNP')
('adds', 'VBZ')
('someplace', 'NN')
('license', 'NN')
('duplicate', 'NN')
('read_chrm', 'VBZ')
('png-fix-itxtexe', 'JJ')
('intersects', 'NNS')
('area', 'NN')
('before', 'IN')
('maxseg_64k', 'JJ')
('violate', 'NN')
('attempts', 'NNS')
('triples', 'VBZ')
('color-c', 'NN')
('added', 'VBD')
('sized', 'JJ')
('verifies', 'NNS')
('congruential', 'JJ')
('opacity', 'NN')
('crc32', 'NN')
('feature', 'NN')
('incremental', 'JJ')
('representations', 'NNS')
('recognized', 'VBN')
('seconds', 'NNS')
('stopped', 'VBD')
('png_alpha_standard', 'JJ')
('compilation', 'NN')
('let', 'NN')
('identified', 'VBN')
('requiring', 'VBG')
('rewrites', 'NNS')
('intervening', 'VBG')
('fallthrough', 'JJ')
('next_type', 'JJ')
('interpolation', 'NN')
('values><n', 'NN')
('>keep', 'NNP')
('png_read_filler_supported', 'VBD')
('disk', 'JJ')
('substitution', 'NN')
('png_flag_detect_uninitialized', 'VBN')
('drops', 'NNS')
('libpng_ver', 'IN')
('permuting', 'VBG')
('moment', 'NN')
('png_set_shiftpng_structp', 'NN')
('finding', 'VBG')
('incoming', 'VBG')
('introduction', 'NN')
('aids', 'NNS')
('enabled', 'VBD')
('read_file', 'JJ')
('product', 'NN')
('srgb1', 'NN')
('wider', 'JJR')
('position', 'NN')
('pre-160', 'NN')
('addressed', 'VBD')
('regained', 'JJ')
('signal', 'JJ')
('accumulaten', 'JJ')
('libpng-1611', 'JJ')
('content', 'NN')
('png_handle_chunk_if_safe', 'JJ')
('image->opts', 'JJ')
('implied', 'JJ')
('lets', 'NNS')
('invariant', 'JJ')
('discards', 'NNS')
('dispersion', 'NN')
('c99', 'NN')
('operationspixel', 'FW')
('went', 'VBD')
('valie', 'IN')
('apple', 'NN')
('chunkname', 'NN')
('increases', 'VBZ')
('green-scale', 'JJ')
('invalidate', 'NN')
('reversal', 'NN')
('sse2', 'JJ')
('replace', 'VB')
('png_set_packswappng_structrp', 'JJ')
('loss', 'NN')
('smashed', 'VBD')
('prtr', 'JJ')
('errorwarning', 'VBG')
('libpng-109beta03', 'JJ')
('red-xred-scale', 'JJ')
('sort', 'NN')
('preserving', 'VBG')
('png_set_packingpng_structrp', 'NN')
('max>0', 'NN')
('degrade', 'VBD')
('blue-xgreen-scale', 'JJ')
('follows', 'VBZ')
('boundary', 'JJ')
('distribute', 'NN')
('indicated', 'VBD')
('dither', 'RB')
('permutes', 'VBZ')
('overwriting', 'VBG')
('lookup', 'NN')
('complain', 'NN')
('meet', 'NN')
('invariants', 'NNS')
('clobbers', 'NNS')
('compile', 'VBP')
('colormapped', 'VBN')
('signalled', 'JJ')
('catch', 'NN')
('clean-up', 'NN')
('grayalpha', 'NN')
('implements', 'NNS')
('axis', 'IN')
('conditioning', 'VBG')
('produced', 'VBN')
('exceeded', 'JJ')
('overlap', 'NN')
('normalized', 'VBD')
('terminal', 'JJ')
('matrix', 'NN')
('freedom', 'NN')
('caveat', 'NN')
('tristimulus', 'JJ')
('from_1', 'JJ')
('atob0', 'NN')
('word', 'NN')
('creation', 'NN')
('exceed', 'VBP')
('whacking', 'VBG')
('after', 'IN')
('bgra', 'NN')
('leaving', 'VBG')
('copes', 'NNS')
('gb16', 'RB')
('slow', 'JJ')
('flushing', 'VBG')
('whereas', 'JJ')
('log2x257', 'JJ')
('use_input_precision', 'NN')
('ensures', 'VBZ')
('deallocation', 'NN')
('escape', 'NN')
('whichever', 'IN')
('asks', 'NNS')
('than', 'IN')
('adjusted', 'VBN')
('integer', 'NN')
('pre-1610', 'JJ')
('damaged', 'VBN')
('b-ca-c', 'JJ')
('converge', 'NN')
('defeat', 'NN')
('simplified', 'VBD')
('libpng-106g', 'JJ')
('apis', 'NN')
('bytewise', 'NN')
('multiplication', 'NN')
('awful', 'JJ')
('info_structs', 'NNS')
('simplify', 'VBP')
('runs', 'VBZ')
('unsetinvalidonoff', 'JJ')
('update_info', 'JJ')
('png_io_chunk_data', 'NN')
('intrapixel', 'NN')
('documentation', 'NN')
('prevented', 'VBD')
('error_via_linear', 'JJ')
('readings', 'NNS')
('assigns', 'IN')
('9-bit', 'CD')
('mapped', 'JJ')
('globals', 'NNS')
('settings', 'NNS')
('reader', 'VBP')
('odd', 'JJ')
('png_ptr->unknown_default', 'NN')
('commented', 'VBD')
('candidate', 'JJ')
('information', 'NN')
('pngwioc', 'NN')
('selects', 'VBZ')
('clears', 'NNS')
('depthchannels', 'NNS')
('opposite', 'VBP')
('check_end', 'JJ')
('realloc', 'NN')
('consistency', 'NN')
('adjusting', 'VBG')
('multiplier', 'JJR')
('calculating', 'VBG')
('forbidden', 'JJ')
('skipping', 'VBG')
('red-yred-scale', 'JJ')
('p-c', 'JJ')
('png_ptr->output_flush_fn', 'JJ')
('aborts', 'NNS')
('writer', 'NN')
('multiple_algorithms', 'VBP')
('cheap', 'JJ')
('addresses', 'NNS')
('performed', 'VBD')
('acquire', 'VB')
('tell', 'NN')
('pre-transform', 'JJ')
('store_memory', 'JJ')
('avoids', 'NNS')
('like', 'IN')
('deleting', 'VBG')
('source', 'NN')
('directlyn', 'NN')
('lists', 'VBZ')
('enable-arm-neon', 'JJ')
('p_linear', 'JJ')
('separation', 'NN')
('pngconfh', 'NN')
('parts', 'NNS')
('m<<24', 'VBP')
('seem', 'VBP')
('read_srgb', 'JJ')
('rgb-16', 'JJ')
('wish', 'JJ')
('png_cmap_rgb', 'NN')
('non-printing', 'JJ')
('defines', 'NNS')
('shift-32', 'JJ')
('runn', 'NN')
('block', 'NN')
('bits', 'NNS')
('idea', 'NN')
('riffled', 'VBD')
('efficiency', 'JJ')
('png_ptr->zowner', 'NN')
('whether', 'IN')
('cleans', 'NNS')
('srgb0', 'JJ')
('strerror', 'JJ')
('re-read', 'JJ')
('coefficients_overridden', 'NN')
('reaches', 'VBZ')
('png_pack', 'RB')
('setjmp', 'JJ')
('maxabs', 'NNS')
('matter', 'RBR')
('blue-xred-y', 'JJ')
('complements', 'NNS')
('indicate', 'VBP')
('png_ptr->palette', 'NN')
('discarded', 'VBD')
('--sp', 'NNP')
('specify', 'VB')
('store_pool_delete', 'JJ')
('endrc', 'NN')
('assumes', 'VBZ')
('cases', 'NNS')
('libpng-155', 'JJ')
('lanes', 'NNS')
('glibc', 'NNS')
('standard_', 'VBP')
('keeping', 'VBG')
('fclose', 'RB')
('allocated', 'VBN')
('interesting', 'JJ')
('blue-c', 'JJ')
('meaningful', 'JJ')
('smashes', 'NNS')
('npalette', 'JJ')
('measure', 'NN')
('theyd', 'NN')
('bytestag', 'NN')
('warnuse', 'IN')
('support', 'NN')
('png_filter_value_up', 'NN')
('scnr', 'NN')
('assuming', 'VBG')
('curve', 'NN')
('matrices', 'NNS')
('checked', 'VBD')
('using', 'VBG')
('points', 'NNS')
('damages', 'NNS')
('equivalent', 'JJ')
('property', 'NN')
('fio21-cdonotcreatetemporaryfilesinshareddirectories', 'NNS')
('png_max_malloc_64k', 'NN')
('problem', 'NN')
('outside', 'IN')
('expected', 'VBN')
('understand', 'NN')
('reversed', 'VBD')
('valuev', 'NN')
('means', 'NNS')
('generation', 'NN')
('finer', 'NN')
('terminates', 'NNS')
('via_linear', 'VBP')
('behavior', 'JJ')
('refer', 'NN')
('lengths', 'NNS')
('help', 'VBP')
('zlib_io_max', 'VB')
('interdependencies', 'NNS')
('outputoutput_size', 'VB')
('sticky', 'JJ')
('switched', 'VBN')
('png_read_shift_supported', 'JJ')
('meaningless', 'NN')
('scaling', 'VBG')
('r^g', 'JJ')
('png_optimized_alpha', 'NN')
('handle_as_unknown', 'NN')
('obtained', 'VBD')
('sync_flush', 'JJ')
('consult', 'NN')
('do_own_interlace', 'NN')
('png_set_gray_1_2_4_to_8', 'NN')
('backgrounds', 'VBZ')
('equations', 'NNS')
('exponents', 'NNS')
('arranged', 'VBD')
('preserves', 'NNS')
('base_formats', 'NNS')
('fraction', 'VBP')
('whining', 'VBG')
('extreme', 'NN')
('constants', 'NNS')
('idat_reset', 'VBP')
('bitshigh', 'JJ')
('cnhp730sicc', 'NN')
('details', 'NNS')
('relates', 'VBZ')
('depends', 'VBZ')
('capabilities', 'NNS')
('sure', 'JJ')
('tile', 'JJ')
('ethernet', 'NN')
('piece', 'NN')
('zlibh', 'NN')
('_fixed', 'VBD')
('running', 'VBG')
('p_file', 'NN')
('irrelevant', 'JJ')
('release_build', 'JJ')
('builds', 'NNS')
('pm->calculations_use_input_precision', 'NN')
('until', 'IN')
('png_swap_bytes', 'NNS')
('red-x', 'JJ')
('png_div51gray', 'NN')
('leads', 'VBZ')
('version_nn_nn_nn', 'JJ')
('generate', 'NN')
('png_expand', 'NN')
('subtables', 'NNS')
('switches', 'VBZ')
('thinks', 'NNS')
('suggested', 'VBD')
('kbytes', 'NNS')
('fesetround', 'IN')
('error_to_linear', 'JJ')
('absir', 'NN')
('returns', 'NNS')
('sacrifice', 'JJ')
('extract', 'JJ')
('out-of-range', 'JJ')
('accumulate', 'NN')
('andreas', 'NNS')
('masks', 'VBP')
('inflateinit2strm0', 'JJ')
('preventing', 'VBG')
('shifting', 'VBG')
('retained', 'VBN')
('trailer', 'JJ')
('png_fp_exponent', 'NN')
('es_loes_hi', 'NN')
('inverting', 'VBG')
('transparencytrns', 'NNS')
('chunk-name', 'NN')
('nused', 'JJ')
('handles', 'NNS')
('closure', 'VBP')
('allowing', 'VBG')
('appends', 'NNS')
('debugging', 'VBG')
('delay', 'NN')
('reveal', 'NN')
('accept', 'IN')
('trim', 'JJ')
('libpng-126', 'JJ')
('memory_free', 'JJ')
('answer', 'JJR')
('mis-match', 'NN')
('pending', 'VBG')
('calculation', 'NN')
('trashed', 'VBD')
('red-scalegreen-scaleblue-scale', 'JJ')
('exact', 'JJ')
('~poyntonnotescolour_and_gammacolorfaqtxt', 'JJ')
('people', 'NNS')
('aliased', 'VBD')
('happens', 'NNS')
('meant', 'JJ')
('floating_point', 'NN')
('involving', 'VBG')
('segment', 'NN')
('variant', 'JJ')
('tolerance', 'NN')
('>screen', 'JJ')
('insignificant', 'JJ')
('wont', 'NN')
('arguments', 'NNS')
('save_unknown_chunks', 'VBZ')
('subtraction', 'NN')
('chunked', 'VBD')
('png_div257', 'JJ')
('ciexyz', 'NN')
('compacted', 'VBD')
('utilities', 'NNS')
('gray-to-rgb', 'JJ')
('xout', 'IN')
('whenever', 'WP')
('achieved', 'VBD')
('betas', 'JJ')
('halt', 'NN')
('happen', 'VB')
('date', 'NN')
('align', 'NN')
('info_struct', 'NN')
('error_text', 'JJ')
('solution', 'NN')
('file->chunk', 'JJ')
('library', 'JJ')
('adding', 'VBG')
('hit', 'NN')
('vhivlo', 'NNS')
('printer', 'VBP')
('jumps', 'JJ')
('decision', 'NN')
('48-bit', 'JJ')
('chunkoverhead', 'JJ')
('white-x', 'JJ')
('weed', 'NN')
('badpng', 'NN')
('ensuring', 'VBG')
('dependent', 'JJ')
('s32s00', 'JJ')
('comparisons', 'NNS')
('split', 'VBP')
('dll', 'JJ')
('overwrite', 'JJ')
('restart', 'NN')
('illusion', 'NN')
('understood', 'VBD')
('scale16', 'JJ')
('conformant', 'JJ')
('discard', 'NN')
('sedgewick', 'NN')
('series', 'NN')
('treates', 'VBZ')
('r^gamma', 'JJ')
('argv0', 'NNS')
('reused', 'VBD')
('numbers', 'NNS')
('reducing', 'VBG')
('inform', 'NN')
('ifdefs', 'NN')
('bigendian', 'JJ')
('behave', 'NN')
('read_user_chunks', 'NNS')
('cached', 'VBD')
('quieted', 'JJ')
('zlib_advance', 'NN')
('discover', 'NN')
('trumps', 'NNS')
('trycatch', 'VBP')
('freeing', 'VBG')
('chromaticities', 'NNS')
('read_crc', 'VBP')
('png_max_gamma_8', 'JJ')
('figures', 'NNS')
('warningerror', 'VBP')
('nul', 'JJ')
('png_swap_alpha', 'NN')
('contriblibteststestpngsn', 'NN')
('expression', 'NN')
('gpc_', 'NN')
('multiply', 'NN')
('hunts', 'NNS')
('cpu', 'VBP')
('read_iccp', 'JJ')
('generic', 'JJ')
('adequate', 'NN')
('narrowing', 'VBG')
('presented', 'VBN')
('response', 'NN')
('simplifying', 'VBG')
('read_unknown_chunks', 'NNS')
('prototype', 'NN')
('recycled', 'VBD')
('permits', 'NNS')
('characters', 'NNS')
('limiting', 'VBG')
('reduction', 'NN')
('bad_combos', 'NN')
('detects', 'NNS')
('created', 'VBN')
('calculations', 'NNS')
('worth', 'JJ')
('merit', 'JJ')
('png_fp_end', 'NN')
('vision', 'NN')
('starting', 'VBG')
('relationship', 'NN')
('optimizer', 'NN')
('expressed', 'VBD')
('following', 'VBG')
('separated', 'VBN')
('thirty', 'JJ')
('round-trip', 'NN')
('malloced', 'VBD')
('blue-xblue-scale', 'JJ')
('pngvalid', 'JJ')
('replacing', 'NN')
('standard_row', 'NN')
('abgr', 'IN')
('infinite', 'JJ')
('computer', 'NN')
('z_stream_end', 'NN')
('skipped', 'VBD')
('loop', 'NN')
('decompressing', 'VBG')
('according', 'VBG')
('endpoints', 'NNS')
('decompress', 'JJ')
('come', 'VBP')
('inflate', 'VBP')
('png_skip_srgb_check_profile', 'JJ')
('luminance', 'NN')
('inside', 'IN')
('abuse', 'NN')
('floating', 'VBG')
('assumed', 'JJ')
('effects', 'NNS')
('frames', 'RB')
('differencing', 'VBG')
('latin', 'NN')
('passed', 'VBD')
('color-z', 'JJ')
('gamut', 'NN')
('z_null', 'NN')
('redundant', 'NN')
('crc_init', 'NN')
('png_store', 'NN')
('machine', 'NN')
('filtering', 'VBG')
('rewritten', 'JJ')
('cancels', 'NNS')
('illuminantadopted', 'VBN')
('do_trns', 'NNS')
('compressseduncompressed', 'VBD')
('considered', 'VBN')
('idat_len', 'JJ')
('mean', 'JJ')
('handler', 'NN')
('decoder', 'NN')
('get', 'NN')
('generated', 'VBN')
('approximate', 'JJ')
('part2', 'NNS')
('compute', 'JJ')
('meters', 'NNS')
('stack', 'VBP')
('limitations', 'NNS')
('02^31-1', 'JJ')
('guiwindowing', 'VBG')
('corresponding', 'VBG')
('reads', 'NNS')
('store_log', 'JJ')
('equation', 'NN')
('read_expand', 'NN')
('parse', 'NN')
('8-gamma_shift', 'JJ')
('log2bit_depth', 'NN')
('therein', 'NN')
('reread', 'VBP')
('mac', 'NN')
('receives', 'NNS')
('stored', 'VBD')
('allocator', 'NN')
('june', 'NN')
('prepare', 'NN')
('consider', 'VB')
('exit', 'NN')
('turns', 'VBZ')
('quarter', 'NN')
('maintained', 'VBD')
('changed', 'JJ')
('amounts', 'NNS')
('--dp', 'VBP')
('_ini', 'JJ')
('summaries', 'NNS')
('place', 'VBP')
('do_interlace', 'JJ')
('png_set_rgb_to_gray_fixedpng_structp', 'NN')
('non-overflowing', 'JJ')
('recompile', 'NN')
('markers', 'NNS')
('transform_range_check', 'VBP')
('file_initcontrolfile', 'JJ')
('minor', 'JJ')
('representation', 'NN')
('mechanisms', 'NNS')
('powoutg', 'VBP')
('destroys', 'VBZ')
('indexed', 'JJ')
('leak', 'JJ')
('have_intent', 'NN')
('combination', 'NN')
('png_color_type_palette', 'NN')
('colorants', 'NNS')
('conditions', 'NNS')
('zlib_vernum', 'VBP')
('supply', 'NN')
('pseudo-random', 'JJ')
('checking', 'NN')
('confusion', 'NN')
('programming', 'VBG')
('decide', 'VB')
('layout', 'IN')
('octet', 'JJ')
('owns', 'VBZ')
('avoid', 'JJ')
('filling', 'VBG')
('png_convert_size', 'JJ')
('color-scale', 'JJ')
('white-z', 'JJ')
('expansions', 'NNS')
('cksum', 'VBP')
('trip', 'NN')
('tested', 'VBN')
('stop', 'JJ')
('treats', 'NNS')
('read_16bit', 'VBP')
('floorv', 'JJ')
('development', 'NN')
('maxpc', 'NN')
('assert', 'NN')
('did', 'VBD')
('everything', 'NN')
('d65', 'NN')
('png_read_swap_supported', 'VBD')
('received', 'JJ')
('derivatives', 'NNS')
('action', 'NN')
('mark', 'NN')
('site', 'NN')
('going', 'VBG')
('contriblibtestspngstest-errorshn', 'JJ')
('agree', 'JJ')
('legion', 'NN')
('implies', 'NNS')
('extend', 'VBP')
('maintainers', 'NNS')
('iso', 'VBP')
('rest', 'NN')
('passing', 'NN')
('include', 'VBP')
('dab2', 'JJ')
('encodings0', 'JJ')
('assume_16_bit_calculations', 'NNS')
('historic', 'JJ')
('eof', 'JJ')
('store_read_reset', 'VBN')
('vlo-vhi', 'JJ')
('complains', 'NNS')
('dimensions', 'NNS')
('iterator', 'VBP')
('bytes-per-pixel', 'JJ')
('samplemaxsample', 'JJ')
('increment', 'NN')
('rows', 'VBZ')
('optimizing', 'VBG')
('silence', 'NN')
('improve', 'VB')
('correct', 'NN')
('breaking', 'VBG')
('reserved', 'VBN')
('triplets', 'NNS')
('nbytes', 'VBZ')
('remaining_space', 'VBP')
('jmpbuf_size', 'JJ')
('ancestors', 'NNS')
('revised', 'VBD')
('refers', 'NNS')
('error_to_linear_grayscale', 'JJ')
('sprintf', 'JJ')
('deallocate', 'NN')
('interpretation', 'NN')
('constraints', 'NNS')
('typingerrors', 'NNS')
('thereof', 'VBP')
('quality', 'NN')
('filetype', 'NN')
('disclaimer', 'NN')
('_out', 'IN')
('png_bgr', 'NN')
('tbd', 'NN')
('timing', 'VBG')
('png_expand_16', 'JJ')
('configuration', 'NN')
('composing', 'VBG')
('instantiate', 'JJ')
('attempt', 'NN')
('png_structpng_info', 'NN')
('chromaticity', 'NN')
('booleans', 'VBZ')
('pre-multiply', 'JJ')
('fashion', 'NN')
('above', 'IN')
('backgroundalpha', 'NN')
('knowledge', 'NN')
('said', 'VBD')
('warned', 'VBN')
('opened', 'VBD')
('forces', 'NNS')
('set_store_for_read', 'JJ')
('think', 'VBP')
('power-law', 'JJ')
('datainput_size', 'NN')
('ga-8', 'JJ')
('took', 'VBD')
('nmcl', 'JJ')
('perror', 'NN')
('introducing', 'VBG')
('read_interlacing', 'VBG')
('represent', 'NN')
('supplied', 'VBD')
('variety', 'NN')
('read_transforms', 'NNS')
('max_length', 'VBP')
('subset', 'VBN')
('paeth', 'JJ')
('pngsetc', 'NN')
('cramers', 'NNS')
('narrow', 'JJ')
('bit-depth', 'JJ')
('goodpng', 'NN')
('specified', 'VBN')
('operations', 'NNS')
('png_handle_alpha', 'VBP')
('disappear', 'JJ')
('fix-up', 'JJ')
('writes', 'NNS')
('perfect', 'VBP')
('uarb', 'JJ')
('decrement', 'NN')
('gpre', 'NN')
('mkstemp', 'NN')
('columns', 'JJ')
('failure', 'NN')
('sake', 'NN')
('kill', 'NN')
('unless', 'IN')
('examplec', 'JJ')
('amend', 'NN')
('rewind', 'NN')
('flevel', 'JJ')
('aspects', 'NNS')
('candidates', 'NNS')
('zlib_message', 'VBP')
('redefine', 'JJ')
('names', 'NNS')
('buffer_start_write', 'VBP')
('read_gray_to_rgb', 'NN')
('_init', 'NN')
('retain', 'VBP')
('png_abort', 'JJ')
('sane', 'NN')
('ga-16', 'NN')
('technique', 'NN')
('grayscalergb', 'NN')
('pixelbyte', 'NN')
('inaccuracy', 'NN')
('dots', 'NNS')
('b16g', 'VBP')
('color-map', 'JJ')
('remainder', 'NN')
('allocationdeallocation', 'NN')
('green-zgreen-scale', 'NN')
('supposed', 'VBD')
('combining', 'VBG')
('forbid', 'NN')
('applies', 'NNS')
('comparisonchecking', 'VBG')
('-165535', 'NN')
('looked', 'VBD')
('compatibility', 'NN')
('ab-c', 'JJ')
('hides', 'NNS')
('defaults', 'NNS')
('png_background_expand', 'VBP')
('log', 'NN')
('checker', 'NN')
('become', 'VB')
('onto', 'IN')
('overwrites', 'NNS')
('validates', 'NNS')
('global_use', 'VBP')
('input_memory', 'JJ')
('leaks', 'NNS')
('packing', 'VBG')
('overritten', 'JJ')
('taps', 'NNS')
('confusing', 'VBG')
('8-bits', 'JJ')
('replicate', 'NN')
('tells', 'NNS')
('solved', 'VBD')
('vary', 'JJ')
('counter', 'NN')
('hacking', 'VBG')
('libpng-107', 'JJ')
('disclaimern', 'JJ')
('perceive', 'JJ')
('evidence', 'NN')
('buffer_init8', 'NN')
('minus', 'CC')
('begin_read', 'JJ')
('skip_bad_crc', 'NN')
('choose', 'NN')
('btoa', 'NN')
('cube', 'NN')
('iteration', 'NN')
('recovered', 'VBD')
('in_use', 'RB')
('png_filler_after', 'JJ')
('lengthtypepos', 'NN')
('casts', 'NNS')
('carries', 'VBZ')
('zapped', 'VBN')
('quantity', 'NN')
('input5', 'NN')
('unreset', 'JJ')
('uniqueness', 'JJ')
('mediocre', 'NN')
('libtool', 'NN')
('clean', 'JJ')
('flow', 'NN')
('recording', 'VBG')
('frequent', 'JJ')
('deinterlace', 'NN')
('can_write_interlace', 'NN')
('store_message', 'NN')
('set_expand', 'VBP')
('guaranteed', 'VBN')
('relevant', 'JJ')
('log102', 'NN')
('<httpwwwpoyntoncomnotescolour_and_gamma>', 'NNP')
('fixing', 'VBG')
('albeit', 'NN')
('says', 'VBZ')
('evil', 'JJ')
('64-bits', 'JJ')
('retrieval', 'NN')
('poyntoncom', 'NN')
('weighted', 'VBD')
('terms', 'NNS')
('png_make_ga_colormap', 'JJ')
('expands', 'NNS')
('whiteopaque', 'JJ')
('~png_rgb_to_gray', 'JJ')
('standards', 'NNS')
('overrides', 'IN')
('libpng-1510', 'JJ')
('cleanup', 'NN')
('security', 'NN')
('transfer', 'NN')
('libpng-154', 'JJ')
('inline', 'JJ')
('read-errno', 'JJ')
('contents', 'NNS')
('headers', 'NNS')
('supporting', 'VBG')
('z_const', 'NN')
('simplified_read', 'NN')
('png_invert_mono', 'NN')
('pick', 'NN')
('calculate', 'NN')
('interferes', 'NNS')
('filename', 'VBP')
('controls', 'NNS')
('control_end', 'VBP')
('threw', 'VBD')
('applying', 'VBG')
('gray_alpha', 'NN')
('maxin_digits12', 'NN')
('files', 'NNS')
('compositing', 'VBG')
('aligned', 'VBN')
('mntr', 'NN')
('permitted', 'VBD')
('distribution', 'NN')
('given', 'VBN')
('minimum', 'JJ')
('replacements', 'NNS')
('requirement', 'JJ')
('lengthtypedata_pos', 'NN')
('linked', 'VBD')
('-710', 'JJ')
('satisfy', 'JJ')
('ensure', 'VB')
('succeed', 'VB')
('modifier_read', 'JJ')
('png_structrow_fn', 'NN')
('completed', 'VBD')
('obtain', 'VB')
('emit_error', 'JJ')
('deals', 'NNS')
('isnt', 'VBP')
('interactions', 'NNS')
('depending', 'VBG')
('rearrange', 'NN')
('png_default_claim', 'NN')
('eliminating', 'VBG')
('treatment', 'NN')
('longjmppng_ptr->jmp_buf_ptr', 'JJ')
('sparkle', 'JJ')
('gray-scale', 'JJ')
('end-point', 'NN')
('opposed', 'VBD')
('vhi', 'NN')
('predicts', 'NNS')
('compared', 'VBN')
('png_gray_to_rgb', 'JJ')
('resets', 'NNS')
('api', 'VBP')
('lay', 'JJ')
('parallel', 'JJ')
('presence', 'NN')
('guarantee', 'NN')
('rfc1950', 'VBZ')
('per-file', 'JJ')
('alloc_ptr', 'NN')
('failing', 'VBG')
('1100000ths', 'CD')
('egg', 'NN')
('inversion', 'NN')
('permute', 'NN')
('insists', 'VBZ')
('around', 'IN')
('libpng-14x', 'JJ')
('glin', 'NN')
('p-b', 'NN')
('png_read_bgr_supported', 'VBD')
('premultiply', 'NN')
('alphas', 'NNS')
('xyznumber', 'NNP')
('import', 'NN')
('srgb14', 'VBD')
('read_callback', 'NN')
('supports', 'NNS')
('mentioned', 'VBD')
('png_rowbytes', 'NNS')
('digitized', 'VBN')
('pack', 'RB')
('srgb_to_d', 'JJ')
('priority', 'NN')
('formatting', 'VBG')
('production', 'NN')
('terminator', 'NN')
('chose', 'VBD')
('overflow', 'JJ')
('setpos', 'NN')
('confounded', 'VBD')
('byte-swaps', 'NNS')
('middle', 'JJ')
('next_length', 'RB')
('png_read_gamma_supported', 'VBD')
('multiplying', 'VBG')
('encoding_counter', 'RB')
('deprecated', 'VBN')
('fixed_point', 'NN')
('ggxx', 'NN')
('record', 'NN')
('fall', 'NN')
('auto', 'NN')
('reinvent', 'JJ')
('suggest', 'RB')
('color-maps', 'NNS')
('lengthtype', 'JJ')
('fault', 'NN')
('md54', 'NN')
('operation', 'NN')
('png_shift', 'IN')
('png_ptr->trans_alpha', 'JJ')
('andn', 'NN')
('for_background', 'NN')
('runtime', 'NN')
('character', 'NN')
('dropping', 'VBG')
('closeness', 'JJ')
('randomized', 'VBN')
('ok_bits', 'NNS')
('compares', 'VBZ')
('worked', 'JJ')
('logic', 'JJ')
('build', 'VB')
('file->type', 'JJ')
('jump', 'NN')
('hardwired', 'VBD')
('calculated', 'JJ')
('causes', 'NNS')
('claim', 'VBP')
('none', 'NN')
('noise', 'NN')
('contribute', 'NN')
('png_user_mem_supported', 'VBD')
('attempted', 'JJ')
('versions', 'NNS')
('exists', 'VBZ')
('bogons', 'NNS')
('intercepted', 'VBD')
('ended', 'JJ')
('write_count', 'NN')
('icc_info', 'JJ')
('flip', 'NN')
('deflatebound', 'IN')
('blue-yred-x', 'JJ')
('plane', 'NN')
('dumps', 'NNS')
('configureac', 'VBP')
('read_user_chunks_supported', 'VBN')
('chunk_init', 'JJ')
('low-bit-depth', 'JJ')
('results', 'NNS')
('accumulating', 'VBG')
('hope', 'NN')
('worktime', 'NN')
('adam', 'NN')
('nimages1', 'JJ')
('reading', 'NN')
('require', 'VB')
('libpng-108', 'JJ')
('crazy', 'NN')
('configured', 'VBD')
('trouble', 'NN')
('readwrite', 'NN')
('structs', 'VBZ')
('inverses', 'JJ')
('locations', 'NNS')
('condition', 'NN')
('fail', 'VBP')
('expand16', 'NN')
('crashes', 'NNS')
('encodings', 'NNS')
('alpha05', 'VBP')
('write_trns', 'NNS')
('deflateinit2', 'VB')
('skips', 'NNS')
('nnnn', 'RB')
('explicit', 'JJ')
('fixme', 'JJ')
('in-err', 'JJ')
('saving', 'VBG')
('aed', 'NN')
('manages', 'NNS')
('rounded', 'VBD')
('described', 'VBN')
('cleaned', 'JJ')
('c90', 'NN')
('demonstrate', 'NN')
('nothing', 'NN')
('keywod', 'NN')
('incorporate', 'NN')
('httpsenwikipediaorgwikisrgb', 'VBD')
('e-n', 'RB')
('expanded', 'JJ')
('flush_data_fn', 'NN')
('indices', 'NNS')
('xin', 'VBP')
('blue-xwhite-scale', 'JJ')
('examine', 'JJ')
('a-c', 'JJ')
('bitcolor', 'NN')
('libpng_warning', 'VBG')
('png_get_io_ptrpng_ptr', 'JJ')
('logpixel', 'JJ')
('de-interlace', 'JJ')
('input-5', 'NN')
('techniques', 'NNS')
('putting', 'VBG')
('kodak', 'NN')
('packswap', 'NN')
('validating', 'VBG')
('write_customize_ztxt_compression', 'NN')
('depend', 'VBP')
('compiler', 'NN')
('componentalpha', 'NN')
('mediawhitepointtag', 'NN')
('storing', 'VBG')
('defaulting', 'VBG')
('hack', 'NN')
('andor', 'NN')
('set_unknown_chunks', 'NNS')
('problems', 'NNS')
('b-c', 'JJ')
('png_use_read_macros', 'NNS')
('use_update_info', 'JJ')
('rgba-16', 'JJ')
('png_filler', 'NN')
('occurred', 'VBD')
('opted', 'JJ')
('despite', 'IN')
('bitwise', 'NN')
('png_srgb_from_linear', 'JJ')
('fake', 'JJ')
('enclosing', 'VBG')
('convenient', 'JJ')
('facility', 'NN')
('btoaalpha', 'NN')
('inaccuracies', 'NNS')
('store_write_reset', 'VBP')
('error_to_srgb', 'RB')
('synced', 'VBN')
('integrity-check', 'JJ')
('poynton', 'NN')
('perception', 'NN')
('pngtestpng', 'IN')
('re-ordering', 'JJ')
('places', 'NNS')
('optimize_alpha', 'MD')
('considers', 'NNS')
('rechunk_length', 'VB')
('remains', 'NNS')
('png_packswap', 'JJ')
('ability', 'NN')
('co-exist', 'NN')
('signed', 'VBD')
('needed', 'VBN')
('prediction', 'NN')
('png_compose', 'NN')
('obey', 'IN')
('binary', 'JJ')
('predictive', 'JJ')
('a<baba>b', 'NN')
('blue-y', 'JJ')
('discarding', 'NN')
('mask_alpha', 'NN')
('read_errno', 'NN')
('choice', 'NN')
('taken', 'VBN')
('relative', 'JJ')
('blue-ygreen-scale', 'JJ')
('art', 'NN')
('png_read_background_supported', 'VBD')
('working', 'VBG')
('in_digits1', 'NN')
('evaluated', 'VBN')
('generates', 'NNS')
('gamma_depth', 'NN')
('was', 'VBD')
('marker', 'JJR')
('benefit', 'NN')
('numerator', 'NN')
('xopen', 'NNP')
('instantiated', 'VBD')
('resultant', 'JJ')
('normalize', 'JJ')
('keywords', 'NNS')
('quiets', 'NNS')
('idat_listlength', 'VBP')
('deciding', 'VBG')
('checks', 'NNS')
('satisfactory', 'JJ')
('swallow', 'JJ')
('explain', 'NN')
('cb16', 'JJ')
('affects', 'VBZ')
('color->gray', 'JJ')
('subtract', 'JJ')
('identifies', 'NNS')
('per-test', 'JJ')
('pm->assume_16_bit_calculations', 'NNS')
('initialize', 'JJ')
('interact', 'JJ')
('png_ptr->zstream', 'JJ')
('triangle', 'NN')
('agrees', 'VBZ')
('implementations', 'NNS')
('stealing', 'VBG')
('maintain', 'NN')
('macro', 'NNS')
('summarised', 'VBD')
('png_read_rgb_to_gray_supported', 'JJ')
('requires', 'VBZ')
('absig', 'JJ')
('quantizing', 'VBG')
('streams', 'NNS')
('precise', 'RB')
('converted', 'VBN')
('formula', 'JJ')
('c-90', 'NN')
('encoded', 'VBD')
('btoax', 'NN')
('ascp', 'NN')
('x86', 'NNP')
('gammabackground_rgb_to_gray', 'NN')
('cope', 'NN')
('start_image', 'NN')
('rationale', 'JJ')
('rebuild', 'JJ')
('minimal', 'JJ')
('colormap->pixel', 'JJ')
('fast-and-inaccurate', 'JJ')
('defer', 'NN')
('png_ptr->row_buf1', 'JJ')
('maxcalc', 'NN')
('uarb_div10', 'JJ')
('produce', 'NN')
('benign_errors', 'NNS')
('waste', 'VBP')
('safes', 'JJ')
('send', 'VBP')
('apparent', 'JJ')
('meanings', 'NNS')
('combos', 'VBP')
('blocky', 'JJ')
('channels-1', 'JJ')
('widens', 'NNS')
('ship', 'NN')
('carry', 'VBP')
('pnghn', 'VB')
('guard', 'JJ')
('diy', 'NN')
('x<0', 'NNP')
('httpswebarchiveorgweb20000816232553wwwinforampnet', 'NN')
('gnuc', 'NN')
('per-pixel', 'JJ')
('spaces', 'NNS')
('deprecate', 'VBP')
('read-ahead', 'NN')
('pended', 'VBD')
('existing', 'VBG')
('combinatorial', 'JJ')
('info_image', 'NN')
('info_ptr->color_type', 'JJ')
('encoded_sample', 'NN')
('fmt', 'JJ')
('example', 'NN')
('verbatim', 'NN')
('inch_conversions', 'NNS')
('branches', 'NNS')
('deduced', 'VBD')
('appears', 'VBZ')
('replication', 'NN')
('sliding', 'VBG')
('gives', 'VBZ')
('tricky', 'JJ')
('kept', 'VBD')
('nan', 'JJ')
('ready_for_ztxt', 'JJ')
('blue-xred-scale', 'JJ')
('want', 'NN')
('ints', 'NNS')
('tries', 'NNS')
('estimate', 'VBP')
('skp', 'JJ')
('intersection', 'NN')
('mallocs', 'NN')
('tendency', 'NN')
('function_name', 'NN')
('row_init', 'NN')
('panel', 'NN')
('termination', 'NN')
('png_background_is_gray', 'NN')
('contrast', 'NN')
('preserved', 'VBD')
('contribtoolschecksum-icc', 'JJ')
('net', 'JJ')
('store_malloc', 'NN')
('decompression', 'NN')
('--relaxes', 'NNS')
('determined', 'VBD')
('introduced', 'JJ')
('modifier_reset', 'NN')
('branch', 'NN')
('png_libpng_ver', 'IN')
('white-xwhite-y', 'JJ')
('uncomment', 'JJ')
('rfc', 'NN')
('precedence', 'NN')
('validunknown{beforeafter}', 'NN')
('lengthen', 'NN')
('alters', 'NNS')
('path', 'VBP')
('including', 'VBG')
('missing', 'VBG')
('align_type', 'NN')
('replaces', 'NNS')
('read_quantize', 'VBP')
('handlingwarning', 'VBG')
('improved', 'VBN')
('format_flag', 'JJ')
('document', 'NN')
('clever', 'NN')
('png_use_compile_time_masks', 'NNS')
('tableiv', 'JJ')
('beyond', 'IN')
('needs', 'NNS')
('initialized', 'JJ')
('encoder', 'NN')
('levels', 'NNS')
('alpha_optimized', 'VBN')
('reference', 'NN')
('png_intel_sse_implementation', 'NN')
('outputavail_out', 'IN')
('mimics', 'NNS')
('filled', 'VBN')
('png_io_chunk_hdr', 'NN')
('initializes', 'VBZ')
('destroyed', 'VBN')
('chosen', 'NNS')
('inflatec', 'JJ')
('efficient', 'JJ')
('locals', 'NNS')
('behaves', 'VBZ')
('png_ptr->bit_depth', 'JJ')
('comparepixel', 'NN')
('generating', 'VBG')
('elements', 'NNS')
('specification', 'JJ')
('low-order', 'JJ')
('png_set_invert_alphapng_structrp', 'NN')
('tmpfile', 'IN')
('non-zero', 'JJ')
('typedef', 'NN')
('png_div51', 'NN')
('contribtoolsintgammash', 'NN')
('helper', 'NN')
('guess', 'NN')
('ownership', 'NN')
('parsing', 'VBG')
('vectors', 'NNS')
('pngrtranc', 'VBP')
('root-mean-square', 'JJ')
('misbehavior', 'JJ')
('allows', 'NNS')
('faster', 'RBR')
('mmx', 'JJ')
('libpng-129', 'JJ')
('16-number_of_signifiant_bits', 'NNS')
('appropriate', 'JJ')
('ignorediscard', 'JJ')
('file->idat_max', 'JJ')
('implement', 'NN')
('tidier', 'JJR')
('applicationconfiguration', 'NN')
('cast', 'VBD')
('abse', 'JJ')
('summary', 'JJ')
('transform_widthpp', 'NN')
('read_compressed_text', 'NN')
('termed', 'VBD')
('do_compose', 'RB')
('png_read_gray_to_rgb_supported', 'JJ')
('reverse', 'NN')
('colorant', 'NN')
('treat', 'NN')
('replicating', 'VBG')
('png_filter_value_none', 'NN')
('complexity', 'NN')
('applied', 'VBN')
('trap', 'JJ')
('opportunity', 'NN')
('monitor', 'NN')
('raw', 'JJ')
('gammacomposergb-to-gray', 'JJ')
('built-in', 'JJ')
('energy', 'NN')
('sorted', 'VBD')
('positioned', 'JJ')
('passfail', 'NN')
('lookups', 'NNS')
('coefficient', 'JJ')
('xoring', 'VBG')
('rgb_alpha', 'NN')
('swaps', 'NNS')
('factors', 'NNS')
('scp', 'VBP')
('predict', 'JJ')
('png_ptr->zstreammsg', 'JJ')
('generator', 'NN')
('hide', 'IN')
('grayscale-no-alpha', 'JJ')
('alpha025', 'JJ')
('non-transform', 'JJ')
('persuade', 'NN')
('stupidity', 'NN')
('intcoefficient', 'NN')
('reporting', 'VBG')
('issue', 'NN')
('weirdness', 'NN')
('png_read_16_to_8_supported', 'VBD')
('superfast', 'JJ')
('logging', 'JJ')
('wrappers', 'NNS')
('pertain', 'VBP')
('cut', 'JJ')
('input-5input5', 'JJ')
('enforces', 'NNS')
('bundle', 'JJ')
('epsilon', 'JJ')
('ones', 'NNS')
('notice', 'JJ')
('coefficients', 'NNS')
('changing', 'VBG')
('input_sample', 'JJ')
('non-gray', 'JJ')
('since', 'IN')
('g16', 'NN')
('warndiscard', 'NN')
('licensen', 'NN')
('alpha0', 'NN')
('squared', 'VBD')
('libpng-099', 'JJ')
('displays', 'NNS')
('reversing', 'VBG')
('building', 'NN')
('needing', 'VBG')
('stuff', 'NN')
('lacks', 'VBZ')
('broken', 'VBN')
('png_ptr->jmp_buf_ptr', 'JJ')
('cannot', 'NN')
('profiles', 'NNS')
('mistake', 'VBP')
('ignoring', 'VBG')
('during', 'IN')
('lg2', 'JJ')
('imagerow', 'NN')
('performing', 'VBG')
('parser', 'NN')
('configure', 'NN')
('cancelled', 'VBD')
('stripping', 'VBG')
('png_max_error_text', 'JJ')
('non-default', 'JJ')
('gpc_fnout_format', 'NN')
('algorithm', 'NN')
('chunk_info', 'VBD')
('a-za-z', 'JJ')
('rewrite_offset', 'NN')
('repeating', 'NN')
('png_handle_as_unknown_supported', 'VBD')
('z_sync_flush', 'CD')
('flagged', 'VBN')
('command', 'NN')
('excludes', 'VBZ')
('although', 'IN')
('finds', 'NNS')
('deflate', 'VBP')
('serves', 'VBZ')
('user_limits', 'JJ')
('nail', 'NN')
('wishes', 'NNS')
('leave', 'VBP')
('red-zred-scale', 'JJ')
('equivalence', 'NN')
('colour', 'NN')
('ambiguities', 'NNS')
('doesnt', 'VBP')
('interval', 'JJ')
('png_read_invert_mono_supported', 'VBN')
('64-bit', 'JJ')
('idmax', 'NN')
('no_flush', 'JJ')
('bool', 'NN')
('component<alpha', 'NN')
('errors', 'NNS')
('min_bits', 'NNS')
('under', 'IN')
('turned', 'JJ')
('fileid', 'JJ')
('write_compressed_text', 'NN')
('pngwritec', 'NN')
('consists', 'VBZ')
('corrupted', 'VBD')
('duplicating', 'VBG')
('encourage', 'JJ')
('store_unknown_chunks', 'NNS')
('blue-yblue-scale', 'JJ')
('overriding', 'VBG')
('masking', 'VBG')
('division', 'NN')
('installed', 'VBD')
('conditioned', 'VBN')
('required', 'JJ')
('yes', 'NNS')
('claims', 'NNS')
('reflects', 'VBZ')
('read_int_functions', 'NNS')
('assertchannels', 'NNS')
('care', 'VBP')
('errno', 'JJ')
('comparing', 'NN')
('png_warnings_supported', 'VBD')
('bugs', 'NNS')
('reallocates', 'NNS')
('side', 'VBP')
('differences', 'NNS')
('wants', 'VBZ')
('extracted', 'JJ')
('p_srgb', 'NN')
('restraint', 'NN')
('deallocated', 'VBD')
('libpng-156', 'JJ')
('changes', 'NNS')
('reciprocals', 'NNS')
('chunklen-4u-chunkpos', 'NNS')
('urged', 'VBD')
('ihdr', 'JJ')
('outputting', 'VBG')
('modification', 'NN')
('chunk_type', 'NN')
('self-consistent', 'JJ')
('delete', 'JJ')
('cost', 'NN')
('light', 'JJ')
('green-y', 'JJ')
('below', 'IN')
('enter', 'NN')
('<all', 'JJ')
('prophoto', 'NN')
('byte-swap', 'NN')
('zlibs', 'NN')
('swapping', 'VBG')
('downloads', 'NNS')
('holds', 'VBZ')
('no-transform', 'JJ')
('put', 'NN')
('know', 'VBP')
('printed', 'VBN')
('limitation', 'NN')
('develop', 'VB')
('successive', 'JJ')
('write_weighted_filter', 'NN')
('issuing', 'VBG')
('recognize', 'JJ')
('obscure', 'JJ')
('strip', 'NN')
('counts', 'NNS')
('resync', 'VBP')
('posix', 'JJ')
('adigits', 'NNS')
('correctness', 'VBP')
('z_no_flush', 'NN')
('asked', 'VBN')
('write_srgb', 'RB')
('pointed', 'VBN')
('complement', 'NN')
('approach', 'NN')
('png_pass_rowsheight', 'NN')
('png_easy_access_supported', 'VBD')
('compiled', 'JJ')
('@<number>', 'NNP')
('involves', 'VBZ')
('leaked', 'VBD')
('removing', 'VBG')
('faked', 'VBN')
('intended', 'JJ')
('out_ct', 'NN')
('cant', 'NN')
('memset', 'NN')
('png_read_swap_alpha_supported', 'VBD')
('png_set_option_supported', 'JJ')
('gpc', 'NN')
('prints', 'NNS')
('distinct', 'JJ')
('inserted', 'VBD')
('premultiplied', 'JJ')
('extension', 'NN')
('dos', 'NNS')
('listssfnet', 'NN')
('designed', 'VBN')
('hold', 'VBP')
('zeros', 'CD')
('chopping', 'VBG')
('read_rgb_to_gray', 'NN')
('get_trns', 'NNS')
('breakage', 'NN')
('accurate', 'NN')
('replicates', 'VBZ')
('displayed', 'VBN')
('value-5', 'JJ')
('jmpbuf', 'NN')
('white-y', 'JJ')
('write_memory', 'NN')
('scanner', 'NN')
('install', 'NN')
('returning', 'VBG')
('determinant', 'JJ')
('loaders', 'NNS')
('compression_buffer', 'VBP')
('asking', 'VBG')
('unsigned_max1', 'JJ')
('magic', 'JJ')
('resulting', 'VBG')
('5precision', 'CD')
('bit-20', 'JJ')
('png_set_invert_monopng_structrp', 'NN')
('decoding', 'VBG')
('png_noreturn', 'NN')
('filedata_pos', 'JJ')
('png_interlace', 'NN')
('truncate', 'JJ')
('print', 'NN')
('black-compensation', 'NN')
('simple', 'JJ')
('wide-spread', 'JJ')
('color-y', 'JJ')
('msgi', 'NN')
('damanged', 'VBD')
('advice', 'NN')
('bckc', 'NN')
('premultiplying', 'VBG')
('fast', 'JJ')
('datastream', 'NN')
('expect', 'VBP')
('raising', 'VBG')
('with', 'IN')
('percentage', 'NN')
('app-error', 'JJ')
('header', 'NN')
('vlo-vhi12865535', 'JJ')
('misinterpretation', 'NN')
('exit_test', 'JJS')
('executes', 'VBZ')
('packed', 'JJ')
('vector', 'NN')
('adler32', 'NN')
('dbl_epsilon', 'NN')
('pngunknown', 'NN')
('input_file', 'NN')
('divides', 'VBZ')
('force', 'NN')
('got', 'VBD')
('greyscale', 'JJ')
('indicates', 'NNS')
('turning', 'VBG')
('zap', 'NN')
('object', 'NN')
('asr', 'NN')
('max_bits', 'VBZ')
('march', 'NN')
('continue', 'NN')
('subdivision', 'NN')
('eliminates', 'VBZ')
('png_read_scale_16_to_8_supported', 'JJ')
('status_code', 'NN')
('decompose', 'JJ')
('approximation', 'NN')
('convoluted', 'VBN')
('utility', 'NN')
('law', 'NN')
('favoring', 'VBG')
('original_info', 'JJ')
('make_standard', 'NN')
('_imp', 'NNP')
('strcmp', 'NN')
('-001', 'NNP')
('gray<->color', 'NN')
('translation', 'NN')
('erroroverflow', 'IN')
('png-12', 'NN')
('channelscomponents', 'NNS')
('platform', 'VB')
('guts', 'NNS')
('bkgrnd', 'VB')
('adjust', 'JJ')
('compressions', 'NNS')
('png_rgb_to_gray', 'VBP')
('ignore', 'RB')
('sse', 'JJ')
('break', 'NN')
('feel', 'NN')
('paramsnparams', 'NNS')
('emit_stringstrerrorerrno', 'VBP')
('-11', 'JJ')
('silent', 'JJ')
('robinson', 'NN')
('-5e-4', 'NNP')
('comes', 'VBZ')
('pass>>1', 'JJ')
('inputoutput', 'NN')
('crash', 'NN')
('data_size262', 'NN')
('arise', 'NN')
('powiv', 'NN')
('variation', 'NN')
('contining', 'VBG')
('followed', 'VBD')
('png_read_interlacing_supported', 'JJ')
('png_fp_saw_sign', 'NN')
('process_idat', 'NN')
('ask', 'NN')
('serialized', 'VBD')
('forced', 'VBN')
('pool->list', 'JJ')
('png_div51value', 'JJ')
('move', 'NN')
('difference', 'NN')
('careful', 'JJ')
('too-large', 'JJ')
('png_fp_saw_e', 'NN')
('fine', 'JJ')
('wrap', 'NN')
('removes', 'VBZ')
('pab-c', 'JJ')
('achieve', 'NNS')
('write_png', 'NN')
('restrictions', 'NNS')
('red-c', 'JJ')
('trying', 'VBG')
('saw_dot', 'NN')
('read_ip', 'NN')
('sense', 'NN')
('atimes', 'VBZ')
('filestatus_code', 'JJ')
('png_row_in_interlace_passy', 'JJ')
('png_fp_fraction', 'NN')
('inconsistent', 'NN')
('filenames', 'NNS')
('past', 'JJ')
('vulnerability', 'NN')
('pipeline', 'NN')
('truefalse', 'RB')
('encountered', 'VBD')
('cse', 'JJ')
('quantities', 'NNS')
('react', 'VBP')
('roundv', 'JJ')
('mismatches', 'NNS')
('accomplished', 'VBD')
('ids', 'NNS')
('writing', 'VBG')
('incorporated', 'JJ')
('png_ptr->read_buffer', 'NN')
('account', 'NN')
('displaying', 'VBG')
('pre-17', 'JJ')
('speed', 'NN')
('tags', 'NNS')
('look', 'VBP')
('containing', 'VBG')
('fact', 'NN')
('accuracies', 'NNS')
('coeefficients', 'VBZ')
('libpng-121', 'JJ')
('sensitivity', 'NN')
('expressions', 'NNS')
('ten', 'VBP')
('combined', 'VBN')
('combines', 'NNS')
('store_error', 'NN')
('png_col_from_pass_colxin', 'NN')
('users', 'NNS')
('maxout', 'IN')
('lesser', 'JJR')
('rare', 'JJ')
('read_ztxt', 'NN')
('_mm_avg_epu8', 'NNP')
('expanding', 'VBG')
('cprt', 'NN')
('answers', 'NNS')
('dijkstra', 'VBP')
('commoned', 'VBN')
('except', 'IN')
('guarantees', 'NNS')
('png_fp_1', 'VBP')
('xxrrggbb', 'JJ')
('deep', 'JJ')
('hiding', 'NN')
('saves', 'NNS')
('allocations', 'NNS')
('encode', 'VBP')
('png_composite', 'JJ')
('png_start_row', 'NN')
('quick', 'JJ')
('>background_gamma_typepng_background_gamma_unknown', 'NNP')
('selection', 'NN')
('risk', 'NN')
('rfc1123', 'NN')
('slows', 'VBZ')
('read_invert_alpha', 'JJ')
('unlink', 'JJ')
('knows', 'NNS')
('callbacks', 'NNS')
('run-time', 'RB')
('decided', 'VBD')
('killed', 'VBN')
('image-height', 'JJ')
('distinguish', 'JJ')
('is_transparent', 'NN')
('quicker', 'NN')
('pngwutilc', 'NN')
('configurations', 'NNS')
('safety', 'NN')
('png_div51alpha', 'NN')
('style', 'NN')
('secure', 'JJ')
('two-pass', 'JJ')
('libpng-1219', 'JJ')
('append', 'NN')
('pp->read_filter', 'NN')
('ferror', 'NN')
('order', 'NN')
('png_read_supported', 'VBD')
('end1', 'NN')
('goes', 'VBZ')
('signals', 'NNS')
('png_set_swap_alphapng_structrp', 'JJ')
('restricts', 'NNS')
('appear', 'VBP')
('alphatransparency', 'JJ')
('replacement', 'NN')
('test_uses_encodings', 'NNS')
('simpler', 'VBP')
('autovectorize', 'JJ')
('composition', 'NN')
('original_pp', 'IN')
('inserting', 'VBG')
('resolve', 'NN')
('overread', 'JJ')
('read_itxt', 'NN')
('as-yet', 'RB')
('abandoned', 'VBD')
('shift0', 'JJ')
('encounter', 'NN')
('anyhow', 'NN')
('__cplusplus', 'CC')
('frees', 'NNS')
('--strict', 'VBP')
('compile-time', 'JJ')
('stderr', 'NN')
('describe', 'NN')
('find', 'VBP')
('ztxtitxt', 'JJ')
('antidote', 'NN')
('adopted', 'VBN')
('validate', 'JJ')
('trash', 'NN')
('directtions', 'NNS')
('gammas', 'VBP')
('png_create_struct', 'NN')
('accumulated', 'VBN')
('saw', 'VBD')
('blue-yred-scale', 'JJ')
('resulted', 'VBD')
('fits', 'NNS')
('model', 'NN')
('stores', 'NNS')
('mybuffer', 'VBP')
('made', 'VBN')
('introduce', 'JJ')
('png-implement', 'JJ')
('design', 'NN')
('png_invert_alpha', 'JJ')
('png_ptr->rowbytes', 'JJ')
('colorxcolor-z', 'JJ')
('libpng-17', 'JJ')
('xyz1', 'NN')
('trigger', 'NN')
('reasons', 'NNS')
('interrupted', 'VBD')
('counters', 'NNS')
('attacker', 'VBP')
('stride', 'JJ')
('bchannels', 'NNS')
('separator', 'NN')
('recalculate', 'VBP')
('rightmost', 'VBN')
('png-fix-itxt', 'JJ')
('scale', 'NN')
('set_modifier_for_read', 'NN')
('happened', 'VBD')
('uint_max5', 'JJ')
('manage', 'NN')
('chunkchunk_type', 'NN')
('file_init', 'NN')
('weird', 'JJ')
('xyz096421008249', 'NNP')
('way', 'NN')
('built', 'VBN')
('worry', 'VBP')
('validation', 'NN')
('png_transform_', 'NN')
('png_setjmp_supported', 'VBD')
('precalculated', 'JJ')
('base_formatsin_format', 'NN')
('preference', 'NN')
('png_destroy_struct_2', 'NN')
('png_read_pack_supported', 'VBN')
('png_background', 'NN')
('desired', 'VBD')
('wstrict', 'JJ')
('shifts', 'NNS')
('output_is_encoded', 'VBD')
('reflect', 'NN')
('formed', 'VBN')
('srgbhdtvitu-rec', 'JJ')
('implementation', 'NN')
('shifted', 'VBD')
('no-op', 'RB')
('png_simplified_read_supported', 'JJ')
('sources', 'NNS')
('improvement', 'NN')
('steps', 'NNS')
('lone', 'RB')
('reacked', 'VBD')
('compounds', 'NNS')
('insecure', 'JJ')
('g-8', 'JJ')
('iow', 'NN')
('typing', 'VBG')
('as_default', 'NN')
('floor', 'NN')
('knuth', 'NN')
('cygwin', 'JJ')
('variations', 'NNS')
('freed', 'VBD')
('libpng-1230', 'JJ')
('startup', 'NN')
('redgray', 'NN')
('declarations', 'NNS')
('read_chunk', 'VBP')
('recovery', 'NN')
('randomizer', 'NN')
('shared', 'VBN')
('etc', 'JJ')
('non-device', 'JJ')
('png_write_interlacing_supported', 'VBN')
('chooses', 'NNS')
('bug', 'IN')
('white-cwhite-scale', 'JJ')
('backward', 'NN')
('rgb193193193', 'NN')
('converts', 'NNS')
('unum', 'JJ')
('constraint', 'NN')
('-1<<15-png_max_gamma_8', 'NN')
('composting', 'VBG')
('png_pass_height', 'JJ')
('bounds', 'NNS')
('interpreted', 'VBN')
('insufficient', 'JJ')
('thats', 'NNS')
('sub-byte', 'JJ')
('route', 'NN')
('january', 'NN')
('chunky', 'NN')
('b16c', 'NN')
('overflowed', 'VBD')
('easy_access', 'JJ')
('implicit', 'JJ')
('purposes', 'NNS')
('median', 'JJ')
('png_encode_alpha', 'JJ')
('hewlett', 'NN')
('reports', 'NNS')
('eliminated', 'VBD')
('reallocation', 'NN')
('png_io_chunk_crc', 'NN')
('manner', 'NN')
('reach', 'VBP')
('fit', 'JJ')
('tablelow', 'IN')
('updating', 'VBG')
('png_pass_col_shiftpass', 'NN')
('inherent', 'JJ')
('introduces', 'NNS')
('undo', 'JJ')
('png_ptr->chunk_name', 'JJ')
('push_read', 'NN')
('truncating', 'VBG')
('png_row_from_pass_rowyin', 'JJ')
('validity', 'NN')
('--relaxed', 'JJ')
('programs', 'NNS')
('costs', 'NNS')
('inchar', 'VBP')
('modf', 'JJ')
('cie', 'NN')
('established', 'VBD')
('off-by-one', 'CD')
('caused', 'JJ')
('inter-chunk', 'JJ')
('expects', 'VBZ')
('cache', 'NN')
('preset', 'NN')
('calls', 'VBZ')
('restricted', 'VBN')
('counted', 'JJ')
('image_pixel', 'NN')
('pair', 'NN')
('suffix', 'JJ')
('rotate', 'NN')
('theres', 'NNS')
('png_fp_exponext', 'VBP')
('reconstructed', 'VBN')
('stepping', 'VBG')
('macros', 'NNS')
('z_streammsg', 'VBP')
('allocates', 'NNS')
('png_read_struct', 'VBP')
('others', 'NNS')
('libpng-140', 'JJ')
('weve', 'JJ')
('wraps', 'NNS')
('div-by-zero', 'JJ')
('debug', 'JJ')
('digital', 'JJ')
('exp_b10-1', 'JJ')
('simplified_write', 'NN')
('windows', 'NNS')
('quantization', 'NN')
('backgroundcomposite', 'NN')
('bypasses', 'NNS')
('incorrect', 'VBP')
('per-type', 'JJ')
('believe', 'VBP')
('strip_16', 'JJ')
('relying', 'VBG')
('png-mng-implement', 'JJ')
('dumb', 'JJ')
('fire', 'NN')
('png_alpha_png', 'NN')
('set_packing', 'VBG')
('png_jmpbuf', 'JJ')
('png_size_max', 'JJ')
('though', 'IN')
('too-far-back', 'JJ')
('-19', 'JJ')
('lengthchunk-name', 'JJ')
('printf', 'NN')
('human', 'JJ')
('alternate', 'NN')
('leading', 'VBG')
('s32', 'JJ')
('gamma_shift-1>', 'JJ')
('modify_fn', 'NN')
('write_filter', 'NN')
('stdarg', 'NN')
('equality', 'NN')
('exception', 'NN')
('drop', 'NN')
('marks', 'NNS')
('increase', 'VB')
('logvalue255log2', 'JJ')
('lead', 'JJ')
('chunk-type', 'NN')
('modifiers', 'NNS')
('validate_t', 'VBP')
('unpack', 'JJ')
('png_fp_state', 'NN')
('establish', 'VB')
('n_digits', 'NNS')
('longer', 'JJR')
('libpng-1241', 'JJ')
('circumstances', 'NNS')
('feedback', 'VBP')
('ab-c-c', 'JJ')
('recognizes', 'NNS')
('boolean', 'VBP')
('stdout', 'IN')
('incomplete', 'JJ')
('is_error', 'NN')
('alignment', 'JJ')
('write_customize_compression', 'NN')
('math', 'NN')
('accelerated', 'VBD')
('goto', 'JJ')
('cancel', 'NN')
('grained', 'VBD')
('failures', 'NNS')
('basedelta', 'JJ')
('rounds', 'VBZ')
('display->background', 'JJ')
('atob0tag', 'NN')
('endpoints_matchp_srgb', 'NN')
('steal', 'NN')
('deflatereset', 'NN')
('zlib_init', 'NN')
('parentheses', 'VBZ')
('bits-per-pixel', 'JJ')
('routines', 'NNS')
('optimizes', 'MD')
('swapped', 'VBD')
('adam7', 'VB')
('breakpoints', 'NNS')
('fread', 'JJ')
('green-cgreen-scale', 'JJ')
('pixelsbytes', 'NNS')
('presumed', 'VBD')
('overruns', 'NNS')
('affect', 'VBP')
('spec', 'JJ')
('proceeding', 'NN')
('negating', 'VBG')
('protect', 'JJ')
('pngfixc18113', 'JJ')
('ok-bits', 'NNS')
('degree', 'JJ')
('things', 'NNS')
('relied', 'VBN')
('written_file', 'JJ')
('hardware', 'NN')
('stifle', 'NN')
('user_transform_info', 'JJ')
('clause', 'NN')
('ignored', 'VBD')
('sent', 'JJ')
('verify', 'NN')
('g^gamma', 'NN')
('overwrote', 'VBP')
('wpass', 'NN')
('catches', 'NNS')
('pngfixc', 'VBP')
('merge', 'NN')
('removed', 'VBD')
('re-initializer', 'JJ')
('acts', 'NNS')
('computational', 'JJ')
('accepts', 'NNS')
('single_rowbuf_alloc', 'NN')
('piped', 'VBD')
('harm', 'NN')
('stripped', 'NN')
('corrected', 'VBD')
('crc320ul', 'NN')
('farthest', 'JJS')
('muldiv', 'NN')
('de-interlacing', 'NN')
('segmented', 'VBD')
('take', 'JJ')
('display_log', 'NN')
('allocate', 'VB')
('non-matching', 'JJ')
('tracking', 'VBG')
('png-sample', 'JJ')
('strips', 'NNS')
('includes', 'VBZ')
('producing', 'VBG')
('gregs', 'NNS')
('dated', 'VBN')
('emit', 'NN')
('returned', 'VBD')
('hence', 'RB')
('scriptspnglibconfdfa', 'JJ')
('normalization', 'NN')
('overflows', 'VBZ')
('completion', 'NN')
('approximations', 'NNS')
('compare_two_images', 'VBZ')
('xy->whitey', 'JJ')
('notreached', 'JJ')
('respect', 'NN')
('determinants', 'NNS')
('involve', 'VBP')
('throw', 'JJ')
('november', 'JJ')
('png_ptr->pass', 'JJ')
('color-type3', 'NN')
('preceding', 'VBG')
('loops', 'JJ')
('consortium', 'NN')
('png_errorpng_ptr', 'NN')
('generators', 'NNS')
('determine', 'VBP')
('assumption', 'NN')
('png_expand_trns', 'NNS')
